{
    "left_fit": [
        2.8694343977736313e-06,
        0.006826257391111772,
        369.10080488769916
    ],
    "right_fit": [
        0.00011006106573971727,
        -0.14096410496589876,
        1047.9104861482776
    ]
}